CategoryId,CategoryPath
4d4b7104d754a06370d81259,Arts & Entertainment
56aa371be4b08b9a8d5734db,Arts & Entertainment > Amphitheater
4fceea171983d5d06c3e9823,Arts & Entertainment > Aquarium
4bf58dd8d48988d1e1931735,Arts & Entertainment > Arcade
4bf58dd8d48988d1e2931735,Arts & Entertainment > Art Gallery
4bf58dd8d48988d1e4931735,Arts & Entertainment > Bowling Alley
4bf58dd8d48988d17c941735,Arts & Entertainment > Casino
52e81612bcbc57f1066b79e7,Arts & Entertainment > Circus
4bf58dd8d48988d18e941735,Arts & Entertainment > Comedy Club
5032792091d4c4b30a586d5c,Arts & Entertainment > Concert Hall
52e81612bcbc57f1066b79ef,Arts & Entertainment > Country Dance Club
52e81612bcbc57f1066b79e8,Arts & Entertainment > Disc Golf
56aa371be4b08b9a8d573532,Arts & Entertainment > Exhibit
4bf58dd8d48988d1f1931735,Arts & Entertainment > General Entertainment
52e81612bcbc57f1066b79ea,Arts & Entertainment > Go Kart Track
4deefb944765f83613cdba6e,Arts & Entertainment > Historic Site
5744ccdfe4b0c0459246b4bb,Arts & Entertainment > Karaoke Box
52e81612bcbc57f1066b79e6,Arts & Entertainment > Laser Tag
5642206c498e4bfca532186c,Arts & Entertainment > Memorial Site
52e81612bcbc57f1066b79eb,Arts & Entertainment > Mini Golf
4bf58dd8d48988d17f941735,Arts & Entertainment > Movie Theater
56aa371be4b08b9a8d5734de,Arts & Entertainment > Movie Theater > Drive-in Theater
4bf58dd8d48988d17e941735,Arts & Entertainment > Movie Theater > Indie Movie Theater
4bf58dd8d48988d180941735,Arts & Entertainment > Movie Theater > Multiplex
4bf58dd8d48988d181941735,Arts & Entertainment > Museum
4bf58dd8d48988d18f941735,Arts & Entertainment > Museum > Art Museum
559acbe0498e472f1a53fa23,Arts & Entertainment > Museum > Erotic Museum
4bf58dd8d48988d190941735,Arts & Entertainment > Museum > History Museum
4bf58dd8d48988d192941735,Arts & Entertainment > Museum > Planetarium
4bf58dd8d48988d191941735,Arts & Entertainment > Museum > Science Museum
4bf58dd8d48988d1e5931735,Arts & Entertainment > Music Venue
4bf58dd8d48988d1e7931735,Arts & Entertainment > Music Venue > Jazz Club
4bf58dd8d48988d1e9931735,Arts & Entertainment > Music Venue > Piano Bar
4bf58dd8d48988d1e9931735,Arts & Entertainment > Music Venue > Rock Club
5744ccdfe4b0c0459246b4b8,Arts & Entertainment > Pachinko Parlor
4bf58dd8d48988d1f2931735,Arts & Entertainment > Performing Arts Venue
4bf58dd8d48988d134941735,Arts & Entertainment > Performing Arts Venue > Dance Studio
4bf58dd8d48988d135941735,Arts & Entertainment > Performing Arts Venue > Indie Theater
4bf58dd8d48988d137941735,Arts & Entertainment > Performing Arts Venue > Opera House
4bf58dd8d48988d137941735,Arts & Entertainment > Performing Arts Venue > Theater
4bf58dd8d48988d1e3931735,Arts & Entertainment > Pool Hall
507c8c4091d498d9fc8c67a9,Arts & Entertainment > Public Art
52e81612bcbc57f1066b79ed,Arts & Entertainment > Public Art > Outdoor Sculpture
52e81612bcbc57f1066b79ee,Arts & Entertainment > Public Art > Street Art
56aa371be4b08b9a8d573514,Arts & Entertainment > Racecourse
56aa371be4b08b9a8d573514,Arts & Entertainment > Racetrack
52e81612bcbc57f1066b79e9,Arts & Entertainment > Roller Rink
52e81612bcbc57f1066b79ec,Arts & Entertainment > Salsa Club
56aa371be4b08b9a8d5734f9,Arts & Entertainment > Samba School
4bf58dd8d48988d184941735,Arts & Entertainment > Stadium
4bf58dd8d48988d18c941735,Arts & Entertainment > Stadium > Baseball Stadium
4bf58dd8d48988d18b941735,Arts & Entertainment > Stadium > Basketball Stadium
4bf58dd8d48988d18a941735,Arts & Entertainment > Stadium > Cricket Ground
4bf58dd8d48988d189941735,Arts & Entertainment > Stadium > Football Stadium
4bf58dd8d48988d185941735,Arts & Entertainment > Stadium > Hockey Arena
56aa371be4b08b9a8d573556,Arts & Entertainment > Stadium > Rugby Stadium
4bf58dd8d48988d188941735,Arts & Entertainment > Stadium > Soccer Stadium
4e39a891bd410d7aed40cbc2,Arts & Entertainment > Stadium > Tennis Stadium
4bf58dd8d48988d187941735,Arts & Entertainment > Stadium > Track Stadium
4bf58dd8d48988d182941735,Arts & Entertainment > Theme Park
5109983191d435c0d71c2bb1,Arts & Entertainment > Theme Park > Theme Park Ride / Attraction
56aa371be4b08b9a8d573520,Arts & Entertainment > Tour Provider
4bf58dd8d48988d193941735,Arts & Entertainment > Water Park
4bf58dd8d48988d17b941735,Arts & Entertainment > Zoo
58daa1558bbb0b01f18ec1fd,Arts & Entertainment > Zoo > Zoo Exhibit
,
4d4b7105d754a06372d81259,College & University
4bf58dd8d48988d198941735,College & University > College Academic Building
4bf58dd8d48988d199941735,College & University > College Academic Building > College Arts Building
4bf58dd8d48988d19a941735,College & University > College Academic Building > College Communications Building
4bf58dd8d48988d19e941735,College & University > College Academic Building > College Engineering Building
4bf58dd8d48988d19d941735,College & University > College Academic Building > College History Building
4bf58dd8d48988d19c941735,College & University > College Academic Building > College Math Building
4bf58dd8d48988d19b941735,College & University > College Academic Building > College Science Building
4bf58dd8d48988d19f941735,College & University > College Academic Building > College Technology Building
4bf58dd8d48988d197941735,College & University > College Administrative Building
4bf58dd8d48988d1af941735,College & University > College Auditorium
4bf58dd8d48988d1b1941735,College & University > College Bookstore
4bf58dd8d48988d1a1941735,College & University > College Cafeteria
4bf58dd8d48988d1a0941735,College & University > College Classroom
4bf58dd8d48988d1b2941735,College & University > College Gym
4bf58dd8d48988d1a5941735,College & University > College Lab
4bf58dd8d48988d1a7941735,College & University > College Library
4bf58dd8d48988d1aa941735,College & University > College Quad
4bf58dd8d48988d1a9941735,College & University > College Rec Center
4bf58dd8d48988d1a3941735,College & University > College Residence Hall
4bf58dd8d48988d1b4941735,College & University > College Stadium
4bf58dd8d48988d1bb941735,College & University > College Stadium > College Baseball Diamond
4bf58dd8d48988d1ba941735,College & University > College Stadium > College Basketball Court
4bf58dd8d48988d1b9941735,College & University > College Stadium > College Cricket Pitch
4bf58dd8d48988d1b8941735,College & University > College Stadium > College Football Field
4bf58dd8d48988d1b5941735,College & University > College Stadium > College Hockey Rink
4bf58dd8d48988d1b7941735,College & University > College Stadium > College Soccer Field
4e39a9cebd410d7aed40cbc4,College & University > College Stadium > College Tennis Court
4bf58dd8d48988d1b6941735,College & University > College Stadium > College Track
4bf58dd8d48988d1ac941735,College & University > College Theater
4bf58dd8d48988d1a2941735,College & University > Community College
4bf58dd8d48988d1b0941735,College & University > Fraternity House
4bf58dd8d48988d1b0941735,College & University > General College & University
4bf58dd8d48988d1a6941735,College & University > Law School
4bf58dd8d48988d1b3941735,College & University > Medical School
4bf58dd8d48988d141941735,College & University > Sorority House
4bf58dd8d48988d1ab941735,College & University > Student Center
4bf58dd8d48988d1ad941735,College & University > Trade School
4bf58dd8d48988d1ae941735,College & University > University
4d4b7105d754a06373d81259,Event
52f2ab2ebcbc57f1066b8b3b,Event > Christmas Market
5267e4d9e4b0ec79466e48c6,Event > Conference
5267e4d9e4b0ec79466e48c9,Event > Convention
5267e4d9e4b0ec79466e48c7,Event > Festival
58daa1558bbb0b01f18ec1fa,Event > Line / Queue
5267e4d9e4b0ec79466e48d1,Event >  Music Festival
5267e4d9e4b0ec79466e48c8,Event > Other Event
52741d85e4b0d5d1e3c6a6d9,Event > Parade
5bae9231bedf3950379f89c5,Event > Sporting Event
52f2ab2ebcbc57f1066b8b54,Event > Stoop Sale
5267e4d8e4b0ec79466e48c5,Event > Street Fair
5bae9231bedf3950379f89c3,Event > Trade Fair
4d4b7105d754a06374d81259,Food
503288ae91d4c4b30a586d67,Food > Afghan Restaurant
4bf58dd8d48988d1c8941735,Food > African Restaurant
4bf58dd8d48988d10a941735,Food > African Restaurant > Ethiopian Restaurant
4bf58dd8d48988d14e941735,Food > American Restaurant
4bf58dd8d48988d157941735,Food > American Restaurant> New American Restaurant
4bf58dd8d48988d142941735,Food > Asian Restaurant
56aa371be4b08b9a8d573568,Food > Asian Restaurant > Burmese Restaurant
52e81612bcbc57f1066b7a03,Food > Asian Restaurant > Cambodian Restaurant
4bf58dd8d48988d14594173,Food > Asian Restaurant > Chinese Restaurant
52af3a5e3cf9994f4e043bea,Food > Asian Restaurant > Chinese Restaurant > Anhui Restaurant
52af3a723cf9994f4e043bec,Food > Asian Restaurant > Chinese Restaurant > Beijing Restaurant
52af3a7c3cf9994f4e043bed,Food > Asian Restaurant > Chinese Restaurant > Cantonese Restaurant
58daa1558bbb0b01f18ec1d3,Food > Asian Restaurant > Chinese Restaurant > Cha Chaan Teng
52af3a673cf9994f4e043beb,Food > Asian Restaurant > Chinese Restaurant > Chinese Aristocrat Restaurant
52af3a903cf9994f4e043bee,Food > Asian Restaurant > Chinese Restaurant > Chinese Breakfast Place
4bf58dd8d48988d1f5931735,Food > Asian Restaurant > Chinese Restaurant > Dim Sum Restaurant
52af3a9f3cf9994f4e043bef,Food > Asian Restaurant > Chinese Restaurant > Dongbei Restaurant
52af3aaa3cf9994f4e043bf0,Food > Asian Restaurant > Chinese Restaurant > Fujian Restaurant
52af3ab53cf9994f4e043bf1,Food > Asian Restaurant > Chinese Restaurant > Guizhou Restaurant
52af3abe3cf9994f4e043bf2,Food > Asian Restaurant > Chinese Restaurant > Hainan Restaurant
52af3ac83cf9994f4e043bf3,Food > Asian Restaurant > Chinese Restaurant > Hakka Restaurant
52af3ad23cf9994f4e043bf4,Food > Asian Restaurant > Chinese Restaurant > Henan Restaurant
52af3add3cf9994f4e043bf5,Food > Asian Restaurant > Chinese Restaurant > Hong Kong Restaurant
52af3af23cf9994f4e043bf7,Food > Asian Restaurant > Chinese Restaurant > Huaiyang Restaurant
52af3ae63cf9994f4e043bf6,Food > Asian Restaurant > Chinese Restaurant > Hubei Restaurant
52af3afc3cf9994f4e043bf8,Food > Asian Restaurant > Chinese Restaurant > Hunan Restaurant
52af3b053cf9994f4e043bf9,Food > Asian Restaurant > Chinese Restaurant > Imperial Restaurant
52af3b213cf9994f4e043bfa,Food > Asian Restaurant > Chinese Restaurant > Jiangsu Restaurant
52af3b293cf9994f4e043bfb,Food > Asian Restaurant > Chinese Restaurant > Jiangxi Restaurant
52af3b343cf9994f4e043bfc,Food > Asian Restaurant > Chinese Restaurant > Macanese Restaurant
52af3b3b3cf9994f4e043bfd,Food > Asian Restaurant > Chinese Restaurant > Manchu Restaurant
52af3b463cf9994f4e043bfe,Food > Asian Restaurant > Chinese Restaurant > Peking Duck Restaurant
52af3b633cf9994f4e043c01,Food > Asian Restaurant > Chinese Restaurant > Shaanxi Restaurant
52af3b513cf9994f4e043bff,Food > Asian Restaurant > Chinese Restaurant > Shandong Restaurant
52af3b593cf9994f4e043c00,Food > Asian Restaurant > Chinese Restaurant > Shanghai Restaurant
52af3b6e3cf9994f4e043c02,Food > Asian Restaurant > Chinese Restaurant > Shanxi Restaurant
52af3b773cf9994f4e043c03,Food > Asian Restaurant > Chinese Restaurant > Szechuan Restaurant
52af3b813cf9994f4e043c04,Food > Asian Restaurant > Chinese Restaurant > Taiwanese Restaurant
52af3b893cf9994f4e043c05,Food > Asian Restaurant > Chinese Restaurant > Tianjin Restaurant
52af3b913cf9994f4e043c06,Food > Asian Restaurant > Chinese Restaurant > Xinjiang Restaurant
52af3b9a3cf9994f4e043c07,Food > Asian Restaurant > Chinese Restaurant > Yunnan Restaurant
52af3ba23cf9994f4e043c08,Food > Asian Restaurant > Chinese Restaurant > Zhejiang Restaurant
4eb1bd1c3b7b55596b4a748f,Food > Asian Restaurant > Filipino Restaurant
52e81612bcbc57f1066b79fb,Food > Asian Restaurant > Himalayan Restaurant
52af0bd33cf9994f4e043bdd,Food > Asian Restaurant > Hotpot Restaurant
4deefc054765f83613cdba6f,Food > Asian Restaurant > Indonesian Restaurant
52960eda3cf9994f4e043ac9,Food > Asian Restaurant > Indonesian Restaurant > Acehnese Restaurant
52960eda3cf9994f4e043acb,Food > Asian Restaurant > Indonesian Restaurant > Balinese Restaurant
52960eda3cf9994f4e043aca,Food > Asian Restaurant > Indonesian Restaurant > Betawinese Restaurant
52960eda3cf9994f4e043acc,Food > Asian Restaurant > Indonesian Restaurant > Indonesian Meatball Place
52960eda3cf9994f4e043ac7,Food > Asian Restaurant > Indonesian Restaurant > Javanese Restaurant
52960eda3cf9994f4e043ac8,Food > Asian Restaurant > Indonesian Restaurant > Manadonese Restaurant
52960eda3cf9994f4e043ac5,Food > Asian Restaurant > Indonesian Restaurant > Padangnese Restaurant
52960eda3cf9994f4e043ac6,Food > Asian Restaurant > Indonesian Restaurant > Sundanese Restaurant
4bf58dd8d48988d111941735,Food > Asian Restaurant > Japanese Restaurant
55a59bace4b013909087cb0c,Food > Asian Restaurant > Japanese Restaurant > Donburi Restaurant
55a59bace4b013909087cb30,Food > Asian Restaurant > Japanese Restaurant > Japanese Curry Restaurant
55a59bace4b013909087cb21,Food > Asian Restaurant > Japanese Restaurant > Kaiseki Restaurant
55a59bace4b013909087cb06,Food > Asian Restaurant > Japanese Restaurant > Kushikatsu Restaurant
55a59bace4b013909087cb1b,Food > Asian Restaurant > Japanese Restaurant > Monjayaki Restaurant
55a59bace4b013909087cb1e,Food > Asian Restaurant > Japanese Restaurant > Nabe Restaurant
55a59bace4b013909087cb18,Food > Asian Restaurant > Japanese Restaurant > Okonomiyaki Restaurant
55a59bace4b013909087cb24,Food > Asian Restaurant > Japanese Restaurant > Ramen Restaurant
55a59bace4b013909087cb15,Food > Asian Restaurant > Japanese Restaurant > Shabu-Shabu Restaurant
55a59bace4b013909087cb27,Food > Asian Restaurant > Japanese Restaurant > Soba Restaurant
55a59bace4b013909087cb12,Food > Asian Restaurant > Japanese Restaurant > Sukiyaki Restaurant
4bf58dd8d48988d1d2941735,Food > Asian Restaurant > Japanese Restaurant > Sushi Restaurant
55a59bace4b013909087cb2d,Food > Asian Restaurant > Japanese Restaurant > Takoyaki Place
55a59a31e4b013909087cb00,Food > Asian Restaurant > Japanese Restaurant > Tempura Restaurant
55a59af1e4b013909087cb03,Food > Asian Restaurant > Japanese Restaurant > Tonkatsu Restaurant
55a59bace4b013909087cb2a,Food > Asian Restaurant > Japanese Restaurant > Udon Restaurant
55a59bace4b013909087cb0f,Food > Asian Restaurant > Japanese Restaurant > Unagi Restaurant
55a59bace4b013909087cb33,Food > Asian Restaurant > Japanese Restaurant > Wagashi Place
55a59bace4b013909087cb09,Food > Asian Restaurant > Japanese Restaurant > Yakitori Restaurant
55a59bace4b013909087cb36,Food > Asian Restaurant > Japanese Restaurant > Yoshoku Restaurant
4bf58dd8d48988d113941735,Food > Asian Restaurant > Korean Restaurant
56aa371be4b08b9a8d5734e4,Food > Asian Restaurant > Korean Restaurant > Bossam/Jokbal Restaurant
56aa371be4b08b9a8d5734f0,Food > Asian Restaurant > Korean Restaurant > Bunsik Restaurant
56aa371be4b08b9a8d5734e7,Food > Asian Restaurant > Korean Restaurant > Gukbap Restaurant
56aa371be4b08b9a8d5734ed,Food > Asian Restaurant > Korean Restaurant > Janguh Restaurant
56aa371be4b08b9a8d5734ea,Food > Asian Restaurant > Korean Restaurant > Samgyetang Restaurant
4bf58dd8d48988d156941735,Food > Asian Restaurant > Malay Restaurant
5ae9595eb77c77002c2f9f26,Food > Asian Restaurant > Malay Restaurant > Mamak Restaurant
4eb1d5724b900d56c88a45fe,Food > Asian Restaurant > Mongolian Restaurant
4bf58dd8d48988d1d1941735,Food > Asian Restaurant > Noodle House
56aa371be4b08b9a8d57350e,Food > Asian Restaurant > Satay Restaurant
4bf58dd8d48988d149941735,Food > Asian Restaurant > Thai Restaurant
56aa371be4b08b9a8d573502,Food > Asian Restaurant > Thai Restaurant > Som Tum Restaurant
52af39fb3cf9994f4e043be9,Food > Asian Restaurant > Tibetan Restaurant
4bf58dd8d48988d14a941735,Food > Asian Restaurant > Vietnamese Restaurant
4bf58dd8d48988d169941735,Food > Australian Restaurant
52e81612bcbc57f1066b7a01,Food > Austrian Restaurant
4bf58dd8d48988d1df931735,Food > BBQ Joint
4bf58dd8d48988d179941735,Food > Bagel Shop
4bf58dd8d48988d16a941735,Food > Bakery
5e179ee74ae8e90006e9a746,Food > Bangladeshi Restaurant
52e81612bcbc57f1066b7a02,Food > Belgian Restaurant
52e81612bcbc57f1066b79f1,Food > Bistro
4bf58dd8d48988d143941735,Food > Breakfast Spot
52e81612bcbc57f1066b7a0c,Food > Bubble Tea Shop
52e81612bcbc57f1066b79f4,Food > Buffet
4bf58dd8d48988d16c941735,Food > Burger Joint
4bf58dd8d48988d128941735,Food > Cafeteria
4bf58dd8d48988d16d941735,Food > Café
4bf58dd8d48988d17a941735,Food > Cajun / Creole Restaurant
4bf58dd8d48988d144941735,Food > Caribbean Restaurant
4bf58dd8d48988d154941735,Food > Caribbean Restaurant > Cuban Restaurant
5293a7d53cf9994f4e043a45,Food > Caucasian Restaurant
4bf58dd8d48988d1e0931735,Food > Coffee Shop
52e81612bcbc57f1066b7a00,Food > Comfort Food Restaurant
52e81612bcbc57f1066b79f2,Food > Creperie
52f2ae52bcbc57f1066b8b81,Food > Czech Restaurant
4bf58dd8d48988d146941735,Food > Deli / Bodega
4bf58dd8d48988d1d0941735,Food > Dessert Shop
4bf58dd8d48988d1bc941735,Food > Dessert Shop > Cupcake Shop
512e7cae91d4cbb4e5efe0af,Food > Dessert Shop > Frozen Yogurt Shop
4bf58dd8d48988d1c9941735,Food > Dessert Shop > Ice Cream Shop
5744ccdfe4b0c0459246b4e2,Food > Dessert Shop > Pastry Shop
52e81612bcbc57f1066b7a0a,Food > Dessert Shop > Pie Shop
4bf58dd8d48988d147941735,Food > Diner
4bf58dd8d48988d148941735,Food > Donut Shop
4bf58dd8d48988d108941735,Food > Dumpling Restaurant
5744ccdfe4b0c0459246b4d0,Food > Dutch Restaurant
4bf58dd8d48988d109941735,Food > Eastern European Restaurant
52e928d0bcbc57f1066b7e97,Food > Eastern European Restaurant > Belarusian Restaurant
58daa1558bbb0b01f18ec1ee,Food > Eastern European Restaurant > Bosnian Restaurant
56aa371be4b08b9a8d5734f3,Food > Eastern European Restaurant > Bulgarian Restaurant
52960bac3cf9994f4e043ac4,Food > Eastern European Restaurant > Romanian Restaurant
52e928d0bcbc57f1066b7e98,Food > Eastern European Restaurant > Tatar Restaurant
52e81612bcbc57f1066b7a05,Food > English Restaurant
4bf58dd8d48988d10b941735,Food > Falafel Restaurant
4bf58dd8d48988d16e941735,Food > Fast Food Restaurant
4edd64a0c7ddd24ca188df1a,Food > Fish & Chips Shop
52e81612bcbc57f1066b7a09,Food > Fondue Restaurant
4bf58dd8d48988d120951735,Food >  Food Court
56aa371be4b08b9a8d57350b,Food > Food Stand
4bf58dd8d48988d1cb941735,Food > Food Truck
4bf58dd8d48988d10c941735,Food > French Restaurant
57558b36e4b065ecebd306b6,Food > French Restaurant > Alsatian Restaurant
57558b36e4b065ecebd306b8,Food > French Restaurant > Auvergne Restaurant
57558b36e4b065ecebd306bc,Food > French Restaurant > Basque Restaurant
57558b36e4b065ecebd306b0,Food > French Restaurant > Brasserie
57558b36e4b065ecebd306c5,Food > French Restaurant > Breton Restaurant
57558b36e4b065ecebd306c0,Food > French Restaurant > Burgundian Restaurant
57558b36e4b065ecebd306cb,Food > French Restaurant > Catalan Restaurant
57558b36e4b065ecebd306ce,Food > French Restaurant > Ch'ti Restaurant
57558b36e4b065ecebd306d1,Food > French Restaurant > Corsican Restaurant
57558b36e4b065ecebd306b4,Food > French Restaurant > Estaminet
57558b36e4b065ecebd306b2,Food > French Restaurant > Labour Canteen
57558b35e4b065ecebd306ad,Food > French Restaurant > Lyonese Bouchon
57558b36e4b065ecebd306d4,Food > French Restaurant > Norman Restaurant
57558b36e4b065ecebd306d7,Food > French Restaurant > Provençal Restaurant
57558b36e4b065ecebd306da,Food > French Restaurant > Savoyard Restaurant
57558b36e4b065ecebd306ba,Food > French Restaurant > Southwestern French Restaurant
4d4ae6fc7a7b7dea34424761,Food > Fried Chicken Joint
55d25775498e9f6a0816a37a,Food > Friterie
4bf58dd8d48988d155941735,Food > Gastropub
4bf58dd8d48988d10d941735,Food > German Restaurant
56aa371ce4b08b9a8d573583,Food > German Restaurant > Apple Wine Pub
56aa371ce4b08b9a8d573572,Food > German Restaurant > Bavarian Restaurant
56aa371ce4b08b9a8d57358e,Food > German Restaurant > Bratwurst Joint
56aa371ce4b08b9a8d57358b,Food > German Restaurant > Currywurst Joint
56aa371ce4b08b9a8d573574,Food > German Restaurant > Franconian Restaurant
56aa371ce4b08b9a8d573592,Food > German Restaurant > German Pop-Up Restaurant
56aa371ce4b08b9a8d573578,Food > German Restaurant > Palatine Restaurant
56aa371ce4b08b9a8d57357b,Food > German Restaurant > Rhenisch Restaurant
56aa371ce4b08b9a8d573587,Food > German Restaurant > Schnitzel Restaurant
56aa371ce4b08b9a8d57357f,Food > German Restaurant > Silesian Restaurant
56aa371ce4b08b9a8d573576,Food > German Restaurant > Swabian Restaurant
4c2cd86ed066bed06c3c5209,Food > Gluten-free Restaurant
4bf58dd8d48988d10e941735,Food > Greek Restaurant
53d6c1b0e4b02351e88a83e8,Food > Greek Restaurant > Bougatsa Shop
53d6c1b0e4b02351e88a83e2,Food > Greek Restaurant > Cretan Restaurant
53d6c1b0e4b02351e88a83d8,Food > Greek Restaurant > Fish Taverna
53d6c1b0e4b02351e88a83d6,Food > Greek Restaurant > Grilled Meat Restaurant
53d6c1b0e4b02351e88a83e6,Food > Greek Restaurant > Kafenio
53d6c1b0e4b02351e88a83e4,Food > Greek Restaurant > Magirio
53d6c1b0e4b02351e88a83da,Food > Greek Restaurant > Meze Restaurant
53d6c1b0e4b02351e88a83d4,Food > Greek Restaurant > Modern Greek Restaurant
53d6c1b0e4b02351e88a83dc,Food > Greek Restaurant > Ouzeri
53d6c1b0e4b02351e88a83e0,Food > Greek Restaurant > Patsa Restaurant
52e81612bcbc57f1066b79f3,Food > Greek Restaurant > Souvlaki Shop
53d6c1b0e4b02351e88a83d2,Food > Greek Restaurant > Taverna
53d6c1b0e4b02351e88a83de,Food > Greek Restaurant > Tsipouro Restaurant
52e81612bcbc57f1066b79ff,Food > Halal Restaurant
52e81612bcbc57f1066b79fe,Food > Hawaiian Restaurant
5bae9231bedf3950379f89d4,Food > Hawaiian Restaurant > Poke Place
4bf58dd8d48988d16f941735,Food > Hot Dog Joint
52e81612bcbc57f1066b79fa,Food > Hungarian Restaurant
4bf58dd8d48988d10f941735,Food > Indian Restaurant
54135bf5e4b08f3d2429dfe5,Food > Indian Restaurant > Andhra Restaurant
54135bf5e4b08f3d2429dff3,Food > Indian Restaurant > Awadhi Restaurant
54135bf5e4b08f3d2429dff5,Food > Indian Restaurant > Bengali Restaurant
54135bf5e4b08f3d2429dfe2,Food > Indian Restaurant > Chaat Place
54135bf5e4b08f3d2429dff2,Food > Indian Restaurant > Chettinad Restaurant
54135bf5e4b08f3d2429dfe1,Food > Indian Restaurant > Dhaba
54135bf5e4b08f3d2429dfe3,Food > Indian Restaurant > Dosa Place
54135bf5e4b08f3d2429dfe8,Food > Indian Restaurant > Goan Restaurant
54135bf5e4b08f3d2429dfe9,Food > Indian Restaurant > Gujarati Restaurant
54135bf5e4b08f3d2429dfe6,Food > Indian Restaurant > Hyderabadi Restaurant
54135bf5e4b08f3d2429dfdf,Food > Indian Restaurant >  Indian Chinese Restaurant
54135bf5e4b08f3d2429dfe4,Food > Indian Restaurant > Indian Sweet Shop
54135bf5e4b08f3d2429dfe7,Food > Indian Restaurant > Irani Cafe
54135bf5e4b08f3d2429dfea,Food > Indian Restaurant > Jain Restaurant
54135bf5e4b08f3d2429dfeb,Food > Indian Restaurant > Karnataka Restaurant
54135bf5e4b08f3d2429dfed,Food > Indian Restaurant > Kerala Restaurant
54135bf5e4b08f3d2429dfee,Food > Indian Restaurant > Maharashtrian Restaurant
54135bf5e4b08f3d2429dff4,Food > Indian Restaurant > Mughlai Restaurant
54135bf5e4b08f3d2429dfe0,Food > Indian Restaurant > Multicuisine Indian Restaurant
54135bf5e4b08f3d2429dfdd,Food > Indian Restaurant > North Indian Restaurant
54135bf5e4b08f3d2429dff6,Food > Indian Restaurant > Northeast Indian Restaurant
54135bf5e4b08f3d2429dfef,Food > Indian Restaurant > Parsi Restaurant
54135bf5e4b08f3d2429dff0,Food > Indian Restaurant > Punjabi Restaurant
54135bf5e4b08f3d2429dff1,Food > Indian Restaurant > Rajasthani Restaurant
54135bf5e4b08f3d2429dfde,Food > Indian Restaurant > South Indian Restaurant
54135bf5e4b08f3d2429dfec,Food > Indian Restaurant > Udupi Restaurant
52e81612bcbc57f1066b7a06,Food > Irish Pub
4bf58dd8d48988d110941735,Food > Italian Restaurant
55a5a1ebe4b013909087cbb6,Food > Italian Restaurant > Abruzzo Restaurant
55a5a1ebe4b013909087cb7c,Food > Italian Restaurant > Agriturismo
55a5a1ebe4b013909087cba7,Food > Italian Restaurant > Aosta Restaurant
55a5a1ebe4b013909087cba1,Food > Italian Restaurant > Basilicata Restaurant
55a5a1ebe4b013909087cba4,Food > Italian Restaurant > Calabria Restaurant
55a5a1ebe4b013909087cb95,Food > Italian Restaurant > Campanian Restaurant
55a5a1ebe4b013909087cb89,Food > Italian Restaurant > Emilia Restaurant
55a5a1ebe4b013909087cb9b,Food > Italian Restaurant > Friuli Restaurant
55a5a1ebe4b013909087cb98,Food > Italian Restaurant > Ligurian Restaurant
55a5a1ebe4b013909087cbbf,Food > Italian Restaurant >  Lombard Restaurant
55a5a1ebe4b013909087cb79,Food > Italian Restaurant > Malga
55a5a1ebe4b013909087cbb0,Food > Italian Restaurant > Marche Restaurant
55a5a1ebe4b013909087cbb3,Food > Italian Restaurant > Molise Restaurant
55a5a1ebe4b013909087cb74,Food > Italian Restaurant > Piadineria
55a5a1ebe4b013909087cbaa,Food > Italian Restaurant > Piedmontese Restaurant
55a5a1ebe4b013909087cb83,Food > Italian Restaurant > Puglia Restaurant
55a5a1ebe4b013909087cb8c,Food > Italian Restaurant > Romagna Restaurant
55a5a1ebe4b013909087cb92,Food > Italian Restaurant > Roman Restaurant
55a5a1ebe4b013909087cb8f,Food > Italian Restaurant > Sardinian Restaurant
55a5a1ebe4b013909087cb86,Food > Italian Restaurant > Sicilian Restaurant
55a5a1ebe4b013909087cbb9,Food > Italian Restaurant > South Tyrolean Restaurant
55a5a1ebe4b013909087cb7f,Food > Italian Restaurant > Trattoria/Osteria
55a5a1ebe4b013909087cbbc,Food > Italian Restaurant > Trentino Restaurant
55a5a1ebe4b013909087cb9e,Food > Italian Restaurant > Tuscan Restaurant
55a5a1ebe4b013909087cbc2,Food > Italian Restaurant > Umbrian Restaurant
55a5a1ebe4b013909087cbad,Food > Italian Restaurant > Veneto Restaurant
52e81612bcbc57f1066b79fd,Food > Jewish Restaurant
52e81612bcbc57f1066b79fc,Food > Jewish Restaurant > Kosher Restaurant
4bf58dd8d48988d112941735,Food > Juice Bar
5283c7b4e4b094cb91ec88d7,Food > Kebab Restaurant
4bf58dd8d48988d1be941735,Food > Latin American Restaurant
4bf58dd8d48988d152941735,Food > Latin American Restaurant > Arepa Restaurant
52939a8c3cf9994f4e043a35,Food > Latin American Restaurant > Empanada Restaurant
5745c7ac498e5d0483112fdb,Food > Latin American Restaurant > Salvadoran Restaurant
4bf58dd8d48988d1cd941735,Food > Latin American Restaurant > South American Restaurant
4bf58dd8d48988d107941735,Food > Latin American Restaurant > Argentinian Restaurant
4bf58dd8d48988d16b941735,Food > Latin American Restaurant > Brazilian Restaurant
5294c7523cf9994f4e043a62,Food > Latin American Restaurant > Brazilian Restaurant > Acai House
52939ae13cf9994f4e043a3b,Food > Latin American Restaurant > Brazilian Restaurant >  Baiano Restaurant
52939a9e3cf9994f4e043a36,Food > Latin American Restaurant > Brazilian Restaurant > Central Brazilian Restaurant
52939a643cf9994f4e043a33,Food > Latin American Restaurant > Brazilian Restaurant > Churrascaria
5294c55c3cf9994f4e043a61,Food > Latin American Restaurant > Brazilian Restaurant > Empada House
52939af83cf9994f4e043a3d,Food > Latin American Restaurant > Brazilian Restaurant > Goiano Restaurant
52939aed3cf9994f4e043a3c,Food > Latin American Restaurant > Brazilian Restaurant > Mineiro Restaurant
52939aae3cf9994f4e043a37,Food > Latin American Restaurant > Brazilian Restaurant > Northeastern Brazilian Restaurant
52939ab93cf9994f4e043a38,Food > Latin American Restaurant > Brazilian Restaurant > Northern Brazilian Restaurant
5294cbda3cf9994f4e043a63,Food > Latin American Restaurant > Brazilian Restaurant > Pastelaria
52939ac53cf9994f4e043a39,Food > Latin American Restaurant > Brazilian Restaurant > Southeastern Brazilian Restaurant
52939ad03cf9994f4e043a3a,Food > Latin American Restaurant > Brazilian Restaurant > Southern Brazilian Restaurant
52939a7d3cf9994f4e043a34,Food > Latin American Restaurant > Brazilian Restaurant > Tapiocaria
58daa1558bbb0b01f18ec1f4,Food > Latin American Restaurant > Colombian Restaurant
4eb1bfa43b7b52c0e1adc2e8,Food > Latin American Restaurant > Peruvian Restaurant
56aa371be4b08b9a8d573558,Food > Latin American Restaurant > Venezuelan Restaurant
4bf58dd8d48988d1bf941735,Food > Mac & Cheese Joint
4bf58dd8d48988d1c0941735,Food > Mediterranean Restaurant
4bf58dd8d48988d1c3941735,Food > Mediterranean Restaurant > Moroccan Restaurant
4bf58dd8d48988d1c1941735,Food > Mexican Restaurant
58daa1558bbb0b01f18ec1d9,Food > Mexican Restaurant > Botanero
4bf58dd8d48988d153941735,Food > Mexican Restaurant > Burrito Place
4bf58dd8d48988d151941735,Food > Mexican Restaurant > Taco Place
56aa371ae4b08b9a8d5734ba,Food > Mexican Restaurant > Tex-Mex Restaurant
5744ccdfe4b0c0459246b4d3,Food > Mexican Restaurant > Yucatecan Restaurant
4bf58dd8d48988d115941735,Food > Middle Eastern Restaurant
5bae9231bedf3950379f89e1,Food > Middle Eastern Restaurant > Egyptian Restaurant
5bae9231bedf3950379f89e7,Food > Middle Eastern Restaurant > Iraqi Restaurant
56aa371be4b08b9a8d573529,Food > Mexican Restaurant > Middle Eastern Restaurant > Israeli Restaurant
5744ccdfe4b0c0459246b4ca,Food > Middle Eastern Restaurant > Kurdish Restaurant
58daa1558bbb0b01f18ec1cd,Food > Middle Eastern Restaurant > Lebanese Restaurant
52e81612bcbc57f1066b79f7,Food > Middle Eastern Restaurant > Persian Restaurant
58daa1558bbb0b01f18ec1bc,Food > Middle Eastern Restaurant > Persian Restaurant > Ash and Haleem Place
58daa1558bbb0b01f18ec1c0,Food > Middle Eastern Restaurant > Persian Restaurant > Dizi Place
58daa1558bbb0b01f18ec1c4,Food > Middle Eastern Restaurant > Persian Restaurant > Gilaki Restaurant
58daa1558bbb0b01f18ec1c7,Food > Middle Eastern Restaurant > Persian Restaurant > Jegaraki
5744ccdfe4b0c0459246b4a8,Food > Middle Eastern Restaurant > Persian Restaurant > Tabbakhi
5bae9231bedf3950379f89e4,Food > Middle Eastern Restaurant > Shawarma Place
5bae9231bedf3950379f89da,Food > Middle Eastern Restaurant > Syrian Restaurant
5bae9231bedf3950379f89ea,Food > Middle Eastern Restaurant > Yemeni Restaurant
52e81612bcbc57f1066b79f9,Food > Modern European Restaurant
4bf58dd8d48988d1c2941735,Food > Molecular Gastronomy Restaurant
52e81612bcbc57f1066b79f8,Food > Pakistani Restaurant
56aa371be4b08b9a8d573508,Food > Pet Café
4bf58dd8d48988d1ca941735,Food > Pizza Place
52e81612bcbc57f1066b7a04,Food > Polish Restaurant
4def73e84765ae376e57713a,Food > Portuguese Restaurant
56aa371be4b08b9a8d5734c7,Food > Poutine Place
4bf58dd8d48988d1c4941735,Food > Restaurant
5293a7563cf9994f4e043a44,Food > Russian Restaurant
52e928d0bcbc57f1066b7e9d,Food > Russian Restaurant > Blini House
52e928d0bcbc57f1066b7e9c,Food > Russian Restaurant > Pelmeni House
4bf58dd8d48988d1bd941735,Food > Salad Place
4bf58dd8d48988d1c5941735,Food > Sandwich Place
4bf58dd8d48988d1c6941735,Food > Scandinavian Restaurant
5744ccdde4b0c0459246b4a3,Food > Scottish Restaurant
4bf58dd8d48988d1ce941735,Food > Seafood Restaurant
56aa371be4b08b9a8d57355a,Food > Slovak Restaurant
4bf58dd8d48988d1c7941735,Food > Snack Place
4bf58dd8d48988d1dd931735,Food > Soup Place
4bf58dd8d48988d14f941735,Food > Southern / Soul Food Restaurant
4bf58dd8d48988d150941735,Food > Spanish Restaurant
4bf58dd8d48988d14d941735,Food > Spanish Restaurant > Paella Restaurant
4bf58dd8d48988d1db931735,Food > Spanish Restaurant > Tapas Restaurant
5413605de4b0ae91d18581a9,Food > Sri Lankan Restaurant
4bf58dd8d48988d1cc941735,Food > Steakhouse
4bf58dd8d48988d158941735,Food > Swiss Restaurant
4bf58dd8d48988d1dc931735,Food > Tea Room
56aa371be4b08b9a8d573538,Food > Theme Restaurant
57558b36e4b065ecebd306dd,Food > Truck Stop
4f04af1f2fb6e1c99f3db0bb,Food > Turkish Restaurant
530faca9bcbc57f1066bc2f3,Food > Turkish Restaurant > Borek Place
530faca9bcbc57f1066bc2f4,Food > Turkish Restaurant > Cigkofte Place
5283c7b4e4b094cb91ec88d8,Food > Turkish Restaurant > Doner Restaurant
5283c7b4e4b094cb91ec88d9,Food > Turkish Restaurant > Gozleme Place
5283c7b4e4b094cb91ec88db,Food > Turkish Restaurant > Kofte Place
5283c7b4e4b094cb91ec88d6,Food > Turkish Restaurant > Kokoreç Restaurant
56aa371be4b08b9a8d573535,Food > Turkish Restaurant > Kumpir Restaurant
56aa371be4b08b9a8d5734bd,Food > Turkish Restaurant > Kumru Restaurant
5283c7b4e4b094cb91ec88d5,Food > Turkish Restaurant > Manti Place
5283c7b4e4b094cb91ec88da,Food > Turkish Restaurant > Meyhane
530faca9bcbc57f1066bc2f2,Food > Turkish Restaurant > Pide Place
58daa1558bbb0b01f18ec1df,Food > Turkish Restaurant > Pilavcı
58daa1558bbb0b01f18ec1dc,Food > Turkish Restaurant > Söğüş Place
56aa371be4b08b9a8d5734bf,Food > Turkish Restaurant > Tantuni Restaurant
56aa371be4b08b9a8d5734c1,Food > Turkish Restaurant > Turkish Coffeehouse
5283c7b4e4b094cb91ec88d4,Food > Turkish Restaurant > Turkish Home Cooking Restaurant
58daa1558bbb0b01f18ec1e2,Food > Turkish Restaurant > Çöp Şiş Place
52e928d0bcbc57f1066b7e96,Food > Ukrainian Restaurant
52e928d0bcbc57f1066b7e9a,Food > Ukrainian Restaurant > Varenyky Restaurant
52e928d0bcbc57f1066b7e9b,Food > Ukrainian Restaurant > West-Ukrainian Restaurant
4bf58dd8d48988d1d3941735,Food > Vegetarian / Vegan Restaurant
4bf58dd8d48988d14c941735,Food > Wings Joint
4d4b7105d754a06376d81259,Nightlife Spot
4bf58dd8d48988d116941735,Nightlife Spot > Bar
52e81612bcbc57f1066b7a0d,Nightlife Spot > Bar > Beach Bar
56aa371ce4b08b9a8d57356c,Nightlife Spot > Bar > Beer Bar
4bf58dd8d48988d117941735,Nightlife Spot > Bar > Beer Garden
52e81612bcbc57f1066b7a0e,Nightlife Spot > Bar > Champagne Bar
4bf58dd8d48988d11e941735,Nightlife Spot > Bar > Cocktail Bar
4bf58dd8d48988d118941735,Nightlife Spot > Bar > Dive Bar
4bf58dd8d48988d1d8941735,Nightlife Spot > Bar > Gay Bar
4bf58dd8d48988d119941735,Nightlife Spot > Bar > Hookah Bar
4bf58dd8d48988d1d5941735,Nightlife Spot > Bar >  Hotel Bar
4bf58dd8d48988d120941735,Nightlife Spot > Bar > Karaoke Bar
4bf58dd8d48988d11b941735,Nightlife Spot > Bar > Pub
4bf58dd8d48988d11c941735,Nightlife Spot > Bar > Sake Bar
4bf58dd8d48988d1d4941735,Nightlife Spot > Bar > Speakeasy
4bf58dd8d48988d11d941735,Nightlife Spot > Bar > Sports Bar
56aa371be4b08b9a8d57354d,Nightlife Spot > Bar > Tiki Bar
4bf58dd8d48988d122941735,Nightlife Spot > Bar > Whisky Bar
4bf58dd8d48988d123941735,Nightlife Spot > Bar > Wine Bar
50327c8591d4c4b30a586d5d,Nightlife Spot >  Brewery
4bf58dd8d48988d121941735,Nightlife Spot > Lounge
53e510b7498ebcb1801b55d4,Nightlife Spot > Night Market
4bf58dd8d48988d11f941735,Nightlife Spot > Nightclub
4bf58dd8d48988d11a941735,Nightlife Spot > Other Nightlife
4bf58dd8d48988d1d6941735,Nightlife Spot > Strip Club
4d4b7105d754a06377d81259,Outdoors & Recreation
4f4528bc4b90abdf24c9de85,Outdoors & Recreation > Athletics & Sports
52e81612bcbc57f1066b7a2b,Outdoors & Recreation > Athletics & Sports > Badminton Court
4bf58dd8d48988d1e8941735,Outdoors & Recreation > Athletics & Sports > Baseball Field
4bf58dd8d48988d1e1941735,Outdoors & Recreation > Athletics & Sports > Basketball Court
52e81612bcbc57f1066b7a2f,Outdoors & Recreation > Athletics & Sports > Bowling Green
56aa371be4b08b9a8d57351a,Outdoors & Recreation > Athletics & Sports > Curling Ice
4bf58dd8d48988d1e6941735,Outdoors & Recreation > Athletics & Sports > Golf Course
58daa1558bbb0b01f18ec1b0,Outdoors & Recreation > Athletics & Sports > Golf Driving Range
4bf58dd8d48988d175941735,Outdoors & Recreation > Athletics & Sports > Gym / Fitness Center
52f2ab2ebcbc57f1066b8b47,Outdoors & Recreation > Athletics & Sports > Gym / Fitness Center > Boxing Gym
503289d391d4c4b30a586d6a,Outdoors & Recreation > Athletics & Sports > Gym / Fitness Center > Climbing Gym
52f2ab2ebcbc57f1066b8b49,Outdoors & Recreation > Athletics & Sports > Gym / Fitness Center > Cycle Studio
4bf58dd8d48988d105941735,Outdoors & Recreation > Athletics & Sports > Gym / Fitness Center > Gym Pool
52f2ab2ebcbc57f1066b8b48,Outdoors & Recreation > Athletics & Sports > Gym / Fitness Center > Gymnastics Gym
4bf58dd8d48988d176941735,Outdoors & Recreation > Athletics & Sports > Gym / Fitness Center > Gym
4bf58dd8d48988d101941735,Outdoors & Recreation > Athletics & Sports > Gym / Fitness Center > Martial Arts Dojo
58daa1558bbb0b01f18ec203,Outdoors & Recreation > Athletics & Sports > Gym / Fitness Center > Outdoor Gym
5744ccdfe4b0c0459246b4b2,Outdoors & Recreation > Athletics & Sports > Gym / Fitness Center > Pilates Studio
4bf58dd8d48988d106941735,Outdoors & Recreation > Athletics & Sports > Gym / Fitness Center > Track
590a0744340a5803fd8508c3,Outdoors & Recreation > Athletics & Sports > Gym / Fitness Center > Weight Loss Center
4bf58dd8d48988d102941735,Outdoors & Recreation > Athletics & Sports > Gym / Fitness Center > Yoga Studio
4f452cd44b9081a197eba860,Outdoors & Recreation > Athletics & Sports > Hockey Field
56aa371be4b08b9a8d57352c,Outdoors & Recreation > Athletics & Sports > Hockey Rink
5032829591d4c4b30a586d5e,Outdoors & Recreation > Athletics & Sports > Paintball Field
52e81612bcbc57f1066b7a2c,Outdoors & Recreation > Athletics & Sports > Rugby Pitch
4bf58dd8d48988d167941735,Outdoors & Recreation > Athletics & Sports > Skate Park
4bf58dd8d48988d168941735,Outdoors & Recreation > Athletics & Sports > Skating Rink
4cce455aebf7b749d5e191f5,Outdoors & Recreation > Athletics & Sports > Soccer Field
52e81612bcbc57f1066b7a2e,Outdoors & Recreation > Athletics & Sports > Sports Club
52e81612bcbc57f1066b7a2d,Outdoors & Recreation > Athletics & Sports > Squash Court
4e39a956bd410d7aed40cbc3,Outdoors & Recreation > Athletics & Sports > Tennis Court
4eb1bf013b7b6f98df247e07,Outdoors & Recreation > Athletics & Sports > Volleyball Court
52e81612bcbc57f1066b7a28,Outdoors & Recreation > Bathing Area
56aa371be4b08b9a8d573544,Outdoors & Recreation > Bay
4bf58dd8d48988d1e2941735,Outdoors & Recreation > Beach
52e81612bcbc57f1066b7a30,Outdoors & Recreation > Beach > Nudist Beach
4bf58dd8d48988d1e3941735,Outdoors & Recreation > Beach > Surf Spot
56aa371be4b08b9a8d57355e,Outdoors & Recreation > Bike Trail
52e81612bcbc57f1066b7a22,Outdoors & Recreation > Botanical Garden
4bf58dd8d48988d1df941735,Outdoors & Recreation > Bridge
4bf58dd8d48988d1e4941735,Outdoors & Recreation > Campground
56aa371be4b08b9a8d57353b,Outdoors & Recreation > Canal Lock
56aa371be4b08b9a8d573562,Outdoors & Recreation > Canal
50aaa49e4b90af0d42d5de11,Outdoors & Recreation > Castle
56aa371be4b08b9a8d573511,Outdoors & Recreation > Cave
4bf58dd8d48988d15c941735,Outdoors & Recreation > Cemetery
52e81612bcbc57f1066b7a12,Outdoors & Recreation > Dive Spot
4bf58dd8d48988d1e5941735,Outdoors & Recreation > Dog Run
4bf58dd8d48988d15b941735,Outdoors & Recreation > Farm
4bf58dd8d48988d15f941735,Outdoors & Recreation > Field
52e81612bcbc57f1066b7a0f,Outdoors & Recreation > Fishing Spot
52e81612bcbc57f1066b7a23,Outdoors & Recreation > Forest
56aa371be4b08b9a8d573547,Outdoors & Recreation > Fountain
4bf58dd8d48988d15a941735,Outdoors & Recreation > Garden
52e81612bcbc57f1066b7a11,Outdoors & Recreation > Gun Range
4bf58dd8d48988d1e0941735,Outdoors & Recreation > Harbor / Marina
5bae9231bedf3950379f89cd,Outdoors & Recreation > Hill
4bf58dd8d48988d160941735,Outdoors & Recreation > Hot Spring
5744ccdfe4b0c0459246b4b5,Outdoors & Recreation > Indoor Play Area
50aaa4314b90af0d42d5de10,Outdoors & Recreation > Island
4bf58dd8d48988d161941735,Outdoors & Recreation > Lake
4bf58dd8d48988d15d941735,Outdoors & Recreation > Lighthouse
55a5a1ebe4b013909087cb77,Outdoors & Recreation > Mountain Hut
4eb1d4d54b900d56c88a45fc,Outdoors & Recreation > Mountain
52e81612bcbc57f1066b7a21,Outdoors & Recreation > National Park
52e81612bcbc57f1066b7a13,Outdoors & Recreation > Nature Preserve
4bf58dd8d48988d162941735,Outdoors & Recreation > Other Great Outdoors
52e81612bcbc57f1066b7a14,Outdoors & Recreation > Palace
4bf58dd8d48988d163941735,Outdoors & Recreation > Park
52e81612bcbc57f1066b7a25,Outdoors & Recreation > Pedestrian Plaza
4bf58dd8d48988d1e7941735,Outdoors & Recreation > Playground
4bf58dd8d48988d164941735,Outdoors & Recreation > Plaza
4bf58dd8d48988d15e941735,Outdoors & Recreation > Pool
52e81612bcbc57f1066b7a29,Outdoors & Recreation > Rafting
52e81612bcbc57f1066b7a26,Outdoors & Recreation > Recreation Center
56aa371be4b08b9a8d573541,Outdoors & Recreation > Reservoir
4eb1d4dd4b900d56c88a45fd,Outdoors & Recreation > River
50328a4b91d4c4b30a586d6b,Outdoors & Recreation > Rock Climbing Spot
4bf58dd8d48988d133951735,Outdoors & Recreation > Roof Deck
4bf58dd8d48988d165941735,Outdoors & Recreation > Scenic Lookout
4bf58dd8d48988d166941735,Outdoors & Recreation > Sculpture Garden
4bf58dd8d48988d1e9941735,Outdoors & Recreation > Ski Area
4bf58dd8d48988d1ea941735,Outdoors & Recreation > Ski Area > Apres Ski Bar
4eb1c0ed3b7b52c0e1adc2ea,Outdoors & Recreation > Ski Area > Ski Chairlift
4bf58dd8d48988d1ec941735,Outdoors & Recreation > Ski Area > Ski Chalet
4bf58dd8d48988d1eb941735,Outdoors & Recreation > Ski Area > Ski Lodge
4eb1c0f63b7b52c0e1adc2eb,Outdoors & Recreation > Ski Area > Ski Trail
58daa1558bbb0b01f18ec1b9,Outdoors & Recreation > Skydiving Drop Zone
4eb1baf03b7b2c5b1d4306ca,Outdoors & Recreation > Stables
5bae9231bedf3950379f89d0,Outdoors & Recreation > State / Provincial Park
530e33ccbcbc57f1066bbfe4,Outdoors & Recreation > States & Municipalities
50aa9e094b90af0d42d5de0d,Outdoors & Recreation > States & Municipalities > City
5345731ebcbc57f1066c39b2,Outdoors & Recreation > States & Municipalities > County
530e33ccbcbc57f1066bbff7,Outdoors & Recreation > States & Municipalities > Country
4f2a25ac4b909258e854f55f,Outdoors & Recreation > States & Municipalities > Neighborhood
530e33ccbcbc57f1066bbff8,Outdoors & Recreation > States & Municipalities > State
530e33ccbcbc57f1066bbff3,Outdoors & Recreation > States & Municipalities > Town
530e33ccbcbc57f1066bbff9,Outdoors & Recreation > States & Municipalities > Village
52e81612bcbc57f1066b7a10,Outdoors & Recreation > Summer Camp
4bf58dd8d48988d159941735,Outdoors & Recreation > Trail
52e81612bcbc57f1066b7a24,Outdoors & Recreation > Tree
4bf58dd8d48988d1de941735,Outdoors & Recreation > Vineyard
5032848691d4c4b30a586d61,Outdoors & Recreation > Volcano
56aa371be4b08b9a8d573560,Outdoors & Recreation > Waterfall
56aa371be4b08b9a8d5734c3,Outdoors & Recreation > Waterfront
4fbc1be21983fc883593e321,Outdoors & Recreation > Well
5bae9231bedf3950379f89c7,Outdoors & Recreation > Windmill
4d4b7105d754a06375d81259,Professional & Other Places
4e52d2d203646f7c19daa8ae,Professional & Other Places > Animal Shelter
58daa1558bbb0b01f18ec1d6,Professional & Other Places > Art Studio
4bf58dd8d48988d173941735,Professional & Other Places > Auditorium
56aa371be4b08b9a8d5734cf,Professional & Other Places > Ballroom
4bf58dd8d48988d130941735,Professional & Other Places > Building
56aa371be4b08b9a8d573517,Professional & Other Places > Business Center
5e189fd6eee47d000759bbfd,Professional & Other Places > Cidery
52e81612bcbc57f1066b7a35,Professional & Other Places > Club House
52e81612bcbc57f1066b7a34,Professional & Other Places > Community Center
4bf58dd8d48988d1ff931735,Professional & Other Places > Convention Center
4bf58dd8d48988d100941735,Professional & Other Places > Convention Center > Meeting Room
52e81612bcbc57f1066b7a32,Professional & Other Places > Cultural Center
4e0e22f5a56208c4ea9a85a0,Professional & Other Places > Distillery
52e81612bcbc57f1066b7a37,Professional & Other Places > Distribution Center
4bf58dd8d48988d171941735,Professional & Other Places > Event Space
56aa371be4b08b9a8d57356a,Professional & Other Places > Event Space > Outdoor Event Space
4eb1bea83b7b6f98df247e06,Professional & Other Places > Factory
4eb1daf44b900d56c88a4600,Professional & Other Places > Fair
4f4534884b9074f6e4fb0174,Professional & Other Places > Funeral Home
4bf58dd8d48988d126941735,Professional & Other Places > Government Building
4bf58dd8d48988d12a941735,Professional & Other Places > Government Building > Capitol Building
4bf58dd8d48988d129941735,Professional & Other Places > Government Building > City Hall
4bf58dd8d48988d12b941735,Professional & Other Places > Government Building > Courthouse
4bf58dd8d48988d12c951735,Professional & Other Places > Government Building > Embassy / Consulate
4bf58dd8d48988d12c941735,Professional & Other Places > Government Building > Fire Station
4bf58dd8d48988d12d941735,Professional & Other Places > Government Building > Monument / Landmark
4bf58dd8d48988d12e941735,Professional & Other Places > Government Building > Police Station
52e81612bcbc57f1066b7a38,Professional & Other Places > Government Building > Town Hall
56aa371be4b08b9a8d5734d7,Professional & Other Places > Industrial Estate
5744ccdfe4b0c0459246b4d6,Professional & Other Places > Laboratory
4bf58dd8d48988d12f941735,Professional & Other Places > Library
5e189d71eee47d000759b7e2,Professional & Other Places > Meadery
4bf58dd8d48988d104941735,Professional & Other Places > Medical Center
52e81612bcbc57f1066b7a3b,Professional & Other Places > Medical Center > Acupuncturist
52e81612bcbc57f1066b7a3c,Professional & Other Places > Medical Center > Alternative Healer
52e81612bcbc57f1066b7a3a,Professional & Other Places > Medical Center > Chiropractor
4bf58dd8d48988d178941735,Professional & Other Places > Medical Center > Dentist's Office
4bf58dd8d48988d177941735,Professional & Other Places > Medical Center > Doctor's Office
4bf58dd8d48988d194941735,Professional & Other Places > Medical Center > Emergency Room
522e32fae4b09b556e370f19,Professional & Other Places > Medical Center > Eye Doctor
4bf58dd8d48988d196941735,Professional & Other Places > Medical Center > Hospital
58daa1558bbb0b01f18ec1f7,Professional & Other Places > Medical Center > Hospital > Hospital Ward
56aa371be4b08b9a8d5734ff,Professional & Other Places > Medical Center > Maternity Clinic
4f4531b14b9074f6e4fb0103,Professional & Other Places > Medical Center > Medical Lab
52e81612bcbc57f1066b7a39,Professional & Other Places > Medical Center > Mental Health Office
58daa1558bbb0b01f18ec1d0,Professional & Other Places > Medical Center > Nutritionist
5744ccdfe4b0c0459246b4af,Professional & Other Places > Medical Center > Physical Therapist
56aa371be4b08b9a8d57351d,Professional & Other Places > Medical Center > Rehab Center
56aa371be4b08b9a8d573526,Professional & Other Places > Medical Center > Urgent Care Center
4d954af4a243a5684765b473,Professional & Other Places > Medical Center > Veterinarian
4e52adeebd41615f56317744,Professional & Other Places > Military Base
50328a8e91d4c4b30a586d6c,Professional & Other Places > Non-Profit
5744ccdfe4b0c0459246b4d9,Professional & Other Places > Observatory
4bf58dd8d48988d124941735,Professional & Other Places > Office
52e81612bcbc57f1066b7a3d,Professional & Other Places > Office > Advertising Agency
5032764e91d4c4b30a586d5a,Professional & Other Places > Office > Campaign Office
4bf58dd8d48988d127941735,Professional & Other Places > Office > Conference ROom
5665ef1d498ec706735f0e59,Professional & Other Places > Office > Corporate Amenity
54f4ba06498e2cf5561da814,Professional & Other Places > Office > Corporate Cafeteria
5665c7b9498e7d8a4f2c0f06,Professional & Other Places > Office > Corporate Coffee Shop
4bf58dd8d48988d174941735,Professional & Other Places > Office > Coworking Space
4bf58dd8d48988d125941735,Professional & Other Places > Office > Tech Startup
4c38df4de52ce0d596b336e1,Professional & Other Places > Parking
4bf58dd8d48988d172941735,Professional & Other Places > Post Office
58daa1548bbb0b01f18ec1a9,Professional & Other Places > Power Plant
5310b8e5bcbc57f1066bcbf1,Professional & Other Places > Prison
5032856091d4c4b30a586d63,Professional & Other Places > Radio Station
52f2ab2ebcbc57f1066b8b57,Professional & Other Places > Recruiting Agency
58daa1558bbb0b01f18ec1b2,Professional & Other Places > Research Station
4bf58dd8d48988d13b941735,Professional & Other Places > School
56aa371ce4b08b9a8d573570,Professional & Other Places > School > Adult Education Center
52e81612bcbc57f1066b7a43,Professional & Other Places > School > Circus School
58daa1558bbb0b01f18ec200,Professional & Other Places > School > Cooking School
52e81612bcbc57f1066b7a42,Professional & Other Places > School > Driving School
4f4533804b9074f6e4fb0105,Professional & Other Places > School > Elementary School
52e81612bcbc57f1066b7a49,Professional & Other Places > School > Flight School
4bf58dd8d48988d13d941735,Professional & Other Places > School > High School
52e81612bcbc57f1066b7a48,Professional & Other Places > School > Language School
4f4533814b9074f6e4fb0106,Professional & Other Places > School > Middle School
4f04b10d2fb6e1c99f3db0be,Professional & Other Places > School > Music School
4f4533814b9074f6e4fb0107,Professional & Other Places > School > Nursery School
52e81612bcbc57f1066b7a45,Professional & Other Places > School > Preschool
52e81612bcbc57f1066b7a46,Professional & Other Places > School > Private School
52e81612bcbc57f1066b7a47,Professional & Other Places > School > Religious School
52e81612bcbc57f1066b7a44,Professional & Other Places > School > Swim School
52e81612bcbc57f1066b7a33,Professional & Other Places > Social Club
4bf58dd8d48988d131941735,Professional & Other Places > Spiritual Center
52e81612bcbc57f1066b7a3e,Professional & Other Places > Spiritual Center > Buddhist Temple
58daa1558bbb0b01f18ec1eb,Professional & Other Places > Spiritual Center > Cemevi
4bf58dd8d48988d132941735,Professional & Other Places > Spiritual Center > Church
56aa371be4b08b9a8d5734fc,Professional & Other Places > Spiritual Center > Confucian Temple
52e81612bcbc57f1066b7a3f,Professional & Other Places > Spiritual Center > Hindu Temple
5744ccdfe4b0c0459246b4ac,Professional & Other Places > Spiritual Center > Kingdom Hall
52e81612bcbc57f1066b7a40,Professional & Other Places > Spiritual Center > Monastery
4bf58dd8d48988d138941735,Professional & Other Places > Spiritual Center > Mosque
52e81612bcbc57f1066b7a41,Professional & Other Places > Spiritual Center > Prayer Room
4eb1d80a4b900d56c88a45ff,Professional & Other Places > Spiritual Center > Shrine
5bae9231bedf3950379f89c9,Professional & Other Places > Spiritual Center > Sikh Temple
4bf58dd8d48988d139941735,Professional & Other Places > Spiritual Center > Synagogue
4bf58dd8d48988d13a941735,Professional & Other Places > Spiritual Center > Temple
56aa371be4b08b9a8d5734f6,Professional & Other Places > Spiritual Center > Terreiro
52e81612bcbc57f1066b7a31,Professional & Other Places > TV Station
4cae28ecbf23941eb1190695,Professional & Other Places > Voting Booth
52e81612bcbc57f1066b7a36,Professional & Other Places > Warehouse
58daa1558bbb0b01f18ec1ac,Professional & Other Places > Waste Facility
56aa371be4b08b9a8d5734c5,Professional & Other Places > Wedding Hall
4bf58dd8d48988d14b941735,Professional & Other Places > Winery
4e67e38e036454776db1fb3a,Residence
5032891291d4c4b30a586d68,Residence > Assisted Living
4bf58dd8d48988d103941735,Residence > Home (private)
4f2a210c4b9023bd5841ed28,Residence > Housing Development
4d954b06a243a5684965b473,Residence > Residential Building (Apartment / Condo)
52f2ab2ebcbc57f1066b8b55,Residence > Trailer Park
4d4b7105d754a06378d81259,Shops & Service
52f2ab2ebcbc57f1066b8b56,Shops & Service > ATM
5267e446e4b0ec79466e48c4,Shops & Service > Adult Boutique
4bf58dd8d48988d116951735,Shops & Service > Antique Shop
4bf58dd8d48988d127951735,Shops & Service > Arts & Crafts Store
52f2ab2ebcbc57f1066b8b43,Shops & Service > Astrologer
4eb1c1623b7b52c0e1adc2ec,Shops & Service > Auto Dealership
52f2ab2ebcbc57f1066b8b44,Shops & Service > Auto Garage
56aa371be4b08b9a8d5734d3,Shops & Service > Auto Workshop
4bf58dd8d48988d124951735,Shops & Service > Automotive Shop
52f2ab2ebcbc57f1066b8b32,Shops & Service > Baby Store
4bf58dd8d48988d10a951735,Shops & Service > Bank
52e81612bcbc57f1066b7a27,Shops & Service > Bath House
56aa371be4b08b9a8d5734cb,Shops & Service > Batik Shop
52f2ab2ebcbc57f1066b8b40,Shops & Service > Betting Shop
52f2ab2ebcbc57f1066b8b42,Shops & Service > Big Box Store
4bf58dd8d48988d115951735,Shops & Service > Bike Shop
4bf58dd8d48988d1f1941735,Shops & Service > Board Shop
4bf58dd8d48988d114951735,Shops & Service > Bookstore
4bf58dd8d48988d11a951735,Shops & Service > Bridal Shop
5453de49498eade8af355881,Shops & Service > Business Service
4eb1bdf03b7b55596b4a7491,Shops & Service > Camera Store
4bf58dd8d48988d117951735,Shops & Service > Candy Store
4f04ae1f2fb6e1c99f3db0ba,Shops & Service > Car Wash
52f2ab2ebcbc57f1066b8b2a,Shops & Service > Carpet Store
52f2ab2ebcbc57f1066b8b2d,Shops & Service > Check Cashing Service
5744ccdfe4b0c0459246b4c7,Shops & Service > Child Care Service
4f4532974b9074f6e4fb0104,Shops & Service > Child Care Service > Daycare
52f2ab2ebcbc57f1066b8b31,Shops & Service > Chocolate Shop
4bf58dd8d48988d103951735,Shops & Service > Clothing Store
4bf58dd8d48988d103951735,Shops & Service > Clothing Store > Accessories Store
4bf58dd8d48988d104951735,Shops & Service > Clothing Store > Boutique
4bf58dd8d48988d105951735,Shops & Service > Clothing Store > Kids Store
4bf58dd8d48988d109951735,Shops & Service > Clothing Store > Lingerie Store
4bf58dd8d48988d106951735,Shops & Service > Clothing Store > Men's Store
4bf58dd8d48988d107951735,Shops & Service > Clothing Store > Shoe's Store
4bf58dd8d48988d108951735,Shops & Service > Clothing Store > Women's Store
52f2ab2ebcbc57f1066b8b18,Shops & Service > Comic Shop
5454144b498ec1f095bff2f2,Shops & Service > Construction & Landscaping
4d954b0ea243a5684a65b473,Shops & Service > Convenience Store
4bf58dd8d48988d10c951735,Shops & Service > Cosmetics Shop
52f2ab2ebcbc57f1066b8b17,Shops & Service > Costume Shop
5032850891d4c4b30a586d62,Shops & Service > Credit Union
5744ccdfe4b0c0459246b4be,Shops & Service > Currency Exchange
4bf58dd8d48988d1f6941735,Shops & Service > Department Store
4bf58dd8d48988d1f4941735,Shops & Service > Design Studio
52dea92d3cf9994f4e043dbb,Shops & Service > Discount Store
52f2ab2ebcbc57f1066b8b1a,Shops & Service > Dive Shop
5745c2e4498e11e7bccabdbd,Shops & Service > Drugstore
52f2ab2ebcbc57f1066b8b1d,Shops & Service > Dry Cleaner
5032872391d4c4b30a586d64,Shops & Service > EV Charging Station
4bf58dd8d48988d122951735,Shops & Service > Electronics Store
56aa371be4b08b9a8d573554,Shops & Service > Entertainment Service
5454152e498ef71e2b9132c6,Shops & Service > Event Service
52f2ab2ebcbc57f1066b8b26,Shops & Service > Fabric Shop
56aa371be4b08b9a8d573523,Shops & Service > Film Studio
503287a291d4c4b30a586d65,Shops & Service > Financial or Legal Service
52f2ab2ebcbc57f1066b8b3a,Shops & Service > Fireworks Store
52f2ab2ebcbc57f1066b8b16,Shops & Service > Fishing Store
4bf58dd8d48988d1f7941735,Shops & Service > Flea Market
56aa371be4b08b9a8d573505,Shops & Service > Floating Market
4bf58dd8d48988d11b951735,Shops & Service > Flower Shop
4bf58dd8d48988d1f9941735,Shops & Service > Food & Drink Shop
5370f356bcbc57f1066c94c2,Shops & Service > Food & Drink Shop > Beer Store
4bf58dd8d48988d11d951735,Shops & Service > Food & Drink Shop > Butcher
4bf58dd8d48988d11e951735,Shops & Service > Food & Drink Shop > Cheese Shop
5e18993feee47d000759b256,Shops & Service > Food & Drink Shop > Coffee Roaster
58daa1558bbb0b01f18ec1ca,Shops & Service > Food & Drink Shop > Dairy Store
4bf58dd8d48988d1fa941735,Shops & Service > Food & Drink Shop > Farmers Market
4bf58dd8d48988d10e951735,Shops & Service > Food & Drink Shop > Fish Market
56aa371be4b08b9a8d573550,Shops & Service > Food & Drink Shop > Food Service
4bf58dd8d48988d1f5941735,Shops & Service > Food & Drink Shop > Gourmet Shop
4bf58dd8d48988d118951735,Shops & Service > Food & Drink Shop > Grocery Store
50aa9e744b90af0d42d5de0e,Shops & Service > Food & Drink Shop > Health Food Store
58daa1558bbb0b01f18ec1e8,Shops & Service > Food & Drink Shop > Kuruyemişçi
4bf58dd8d48988d186941735,Shops & Service > Food & Drink Shop > Liquor Store
52f2ab2ebcbc57f1066b8b45,Shops & Service > Food & Drink Shop > Organic Grocery
56aa371be4b08b9a8d573564,Shops & Service > Food & Drink Shop > Sausage Shop
53e0feef498e5aac066fd8a9,Shops & Service > Food & Drink Shop > Street Food Gathering
52f2ab2ebcbc57f1066b8b46,Shops & Service > Food & Drink Shop > Supermarket
58daa1558bbb0b01f18ec1e5,Shops & Service > Food & Drink Shop > Turşucu
4bf58dd8d48988d119951735,Shops & Service > Food & Drink Shop > Wine Shop
52f2ab2ebcbc57f1066b8b24,Shops & Service > Frame Store
52f2ab2ebcbc57f1066b8b1c,Shops & Service > Fruit & Vegetable Store
4bf58dd8d48988d1f8941735,Shops & Service > Furniture / Home Store
55888a5a498e782e3303b43a,Shops & Service > Furniture / Home Store > Lighting Store
4bf58dd8d48988d18d941735,Shops & Service > Gaming Cafe
4eb1c0253b7b52c0e1adc2e9,Shops & Service > Garden Center
4bf58dd8d48988d113951735,Shops & Service > Gas Station
4bf58dd8d48988d128951735,Shops & Service > Gift Shop
52f2ab2ebcbc57f1066b8b19,Shops & Service > Gun Shop
4bf58dd8d48988d112951735,Shops & Service > Hardware Store
54541900498ea6ccd0202697,Shops & Service > Health & Beauty Service
52f2ab2ebcbc57f1066b8b2c,Shops & Service > Herbs & Spices Store
4bf58dd8d48988d1fb941735,Shops & Service > Hobby Shop
545419b1498ea6ccd0202f58,Shops & Service > Home Service
50aaa5234b90af0d42d5de12,Shops & Service > Hunting Supply
52f2ab2ebcbc57f1066b8b36,Shops & Service > IT Services
58daa1558bbb0b01f18ec1f1,Shops & Service > Insurance Office
4bf58dd8d48988d1f0941735,Shops & Service > Internet Cafe
4bf58dd8d48988d111951735,Shops & Service > Jewelry Store
58daa1558bbb0b01f18ec1b4,Shops & Service > Kitchen Supply Store
52f2ab2ebcbc57f1066b8b25,Shops & Service > Knitting Store
52f2ab2ebcbc57f1066b8b33,Shops & Service > Laundromat
4bf58dd8d48988d1fc941735,Shops & Service > Laundry Service
52f2ab2ebcbc57f1066b8b3f,Shops & Service > Lawyer
52f2ab2ebcbc57f1066b8b2b,Shops & Service > Leather Goods Store
52f2ab2ebcbc57f1066b8b1e,Shops & Service > Locksmith
52f2ab2ebcbc57f1066b8b38,Shops & Service > Lottery Retailer
52f2ab2ebcbc57f1066b8b29,Shops & Service > Luggage Store
52c71aaf3cf9994f4e043d17,Shops & Service > Marijuana Dispensary
50be8ee891d4fa8dcc7199a7,Shops & Service > Market
52f2ab2ebcbc57f1066b8b3c,Shops & Service > Massage Studio
52f2ab2ebcbc57f1066b8b27,Shops & Service > Mattress Store
58daa1558bbb0b01f18ec206,Shops & Service > Medical Supply Store
4bf58dd8d48988d1ff941735,Shops & Service > Miscellaneous Shop
4f04afc02fb6e1c99f3db0bc,Shops & Service > Mobile Phone Shop
56aa371be4b08b9a8d57354a,Shops & Service > Mobility Store
5032833091d4c4b30a586d60,Shops & Service > Motorcycle Shop
59d79d6b2e268052fa2a3332,Shops & Service > Motorsports Shop
4bf58dd8d48988d1fe941735,Shops & Service > Music Store
4f04aa0c2fb6e1c99f3db0b8,Shops & Service > Nail Salon
4f04ad622fb6e1c99f3db0b9,Shops & Service > Newsstand
5ae95d208a6f17002ce792b2,Shops & Service > Notary
4d954afda243a5684865b473,Shops & Service > Optical Shop
52f2ab2ebcbc57f1066b8b2f,Shops & Service > Other Repair Shop
52f2ab2ebcbc57f1066b8b22,Shops & Service > Outdoor Supply Store
5744ccdfe4b0c0459246b4df,Shops & Service > Outlet Mall
52f2ab2ebcbc57f1066b8b35,Shops & Service > Outlet Store
4bf58dd8d48988d121951735,Shops & Service > Paper / Office Supplies Store
52f2ab2ebcbc57f1066b8b34,Shops & Service > Pawn Shop
52f2ab2ebcbc57f1066b8b23,Shops & Service > Perfume Shop
5032897c91d4c4b30a586d69,Shops & Service > Pet Service
4bf58dd8d48988d100951735,Shops & Service > Pet Store
4bf58dd8d48988d10f951735,Shops & Service > Pharmacy
4eb1bdde3b7b55596b4a7490,Shops & Service > Photography Lab
554a5e17498efabeda6cc559,Shops & Service > Photography Studio
52f2ab2ebcbc57f1066b8b20,Shops & Service > Piercing Parlor
52f2ab2ebcbc57f1066b8b3d,Shops & Service > Pop-Up Shop
52f2ab2ebcbc57f1066b8b28,Shops & Service > Print Shop
5744ccdfe4b0c0459246b4c4,Shops & Service > Public Bathroom
5032885091d4c4b30a586d66,Shops & Service > Real Estate Office
4bf58dd8d48988d10d951735,Shops & Service > Record Shop
52f2ab2ebcbc57f1066b8b37,Shops & Service > Recording Studio
4f4531084b9074f6e4fb0101,Shops & Service > Recycling Facility
56aa371be4b08b9a8d573552,Shops & Service > Rental Service
4bf58dd8d48988d110951735,Shops & Service > Salon / Barbershop
58daa1558bbb0b01f18ec1ae,Shops & Service > Sauna / Steam Room
52f2ab2ebcbc57f1066b8b1f,Shops & Service > Shipping Store
52f2ab2ebcbc57f1066b8b39,Shops & Service > Shoe Repair
4bf58dd8d48988d1fd941735,Shops & Service > Shopping Mall
5744ccdfe4b0c0459246b4dc,Shops & Service > Shopping Plaza
5bae9231bedf3950379f89d2,Shops & Service > Skate Shop
56aa371be4b08b9a8d573566,Shops & Service > Ski Shop
4bf58dd8d48988d123951735,Shops & Service > Smoke Shop
52f2ab2ebcbc57f1066b8b41,Shops & Service > Smoothie Shop
52f2ab2ebcbc57f1066b8b1b,Shops & Service > Souvenir Shop
4bf58dd8d48988d1ed941735,Shops & Service > Spa
4bf58dd8d48988d1f2941735,Shops & Service > Sporting Goods Shop
52f2ab2ebcbc57f1066b8b21,Shops & Service > Stationery Store
4f04b1572fb6e1c99f3db0bf,Shops & Service > Storage Facility
5744ccdfe4b0c0459246b4cd,Shops & Service > Supplement Shop
5032781d91d4c4b30a586d5b,Shops & Service > Tailor Shop
4d1cf8421a97d635ce361c31,Shops & Service > Tanning Salon
4bf58dd8d48988d1de931735,Shops & Service > Tattoo Parlor
4bf58dd8d48988d101951735,Shops & Service > Thrift / Vintage Store
4bf58dd8d48988d1f3941735,Shops & Service > Toy / Game Store
4f04b08c2fb6e1c99f3db0bd,Shops & Service > Travel Agency
52f2ab2ebcbc57f1066b8b30,Shops & Service > Used Bookstore
56aa371be4b08b9a8d57355c,Shops & Service > Vape Store
4bf58dd8d48988d10b951735,Shops & Service > Video Game Store
4bf58dd8d48988d126951735,Shops & Service > Video Store
52e816a6bcbc57f1066b7a54,Shops & Service > Warehouse Store
52f2ab2ebcbc57f1066b8b2e,Shops & Service > Watch Shop
4d4b7105d754a06379d81259,Travel & Transport
4bf58dd8d48988d1ed931735,Travel & Transport > Airport
4bf58dd8d48988d1ef931735,Travel & Transport > Airport > Airport Food Court
4bf58dd8d48988d1f0931735,Travel & Transport > Airport > Airport Gate
4eb1bc533b7b2c5b1d4306cb,Travel & Transport > Airport > Airport Lounge
56aa371be4b08b9a8d57352f,Travel & Transport > Airport > Airport Service
4bf58dd8d48988d1eb931735,Travel & Transport > Airport > Airport Terminal
4bf58dd8d48988d1ec931735,Travel & Transport > Airport > Airport Tram
5744ccdfe4b0c0459246b4e5,Travel & Transport > Airport > Baggage Claim
4bf58dd8d48988d1f7931735,Travel & Transport > Airport > Plane
5744ccdfe4b0c0459246b4e8,Travel & Transport > Baggage Locker
4e4c9077bd41f78e849722f9,Travel & Transport > Bike Rental / Bike Share
5744ccdfe4b0c0459246b4c1,Travel & Transport > Boat Rental
4bf58dd8d48988d12d951735,Travel & Transport > Boat or Ferry
52f2ab2ebcbc57f1066b8b4b,Travel & Transport > Border Crossing
4bf58dd8d48988d1fe931735,Travel & Transport > Bus Station
4bf58dd8d48988d12b951735,Travel & Transport > Bus Station > Bus Line
52f2ab2ebcbc57f1066b8b4f,Travel & Transport > Bus Stop
52f2ab2ebcbc57f1066b8b50,Travel & Transport > Cable Car
55077a22498e5e9248869ba2,Travel & Transport > Cruise
589ddde98ae3635c072819ee,Travel & Transport > Duty-free Shop
4bf58dd8d48988d1f6931735,Travel & Transport > General Travel
56aa371ce4b08b9a8d57356e,Travel & Transport > Heliport
4bf58dd8d48988d1fa931735,Travel & Transport > Hotel
4bf58dd8d48988d1f8931735,Travel & Transport > Hotel > Bed & Breakfast
4f4530a74b9074f6e4fb0100,Travel & Transport > Hotel > Boarding House
4bf58dd8d48988d1ee931735,Travel & Transport > Hotel > Hostel
4bf58dd8d48988d132951735,Travel & Transport > Hotel > Hotel Pool
5bae9231bedf3950379f89cb,Travel & Transport > Hotel > Inn
4bf58dd8d48988d1fb931735,Travel & Transport > Hotel > Motel
4bf58dd8d48988d12f951735,Travel & Transport > Hotel > Resort
56aa371be4b08b9a8d5734e1,Travel & Transport > Hotel > Vacation Rental
52f2ab2ebcbc57f1066b8b4c,Travel & Transport > Intersection
4bf58dd8d48988d1fc931735,Travel & Transport > Light Rail Station
4bf58dd8d48988d1fd931735,Travel & Transport > Metro Station
4f2a23984b9023bd5841ed2c,Travel & Transport > Moving Target
4e74f6cabd41c4836eac4c31,Travel & Transport > Pier
56aa371be4b08b9a8d57353e,Travel & Transport > Port
52f2ab2ebcbc57f1066b8b53,Travel & Transport > RV Park
4bf58dd8d48988d1ef941735,Travel & Transport > Rental Car Location
4d954b16a243a5684b65b473,Travel & Transport > Rest Area
4bf58dd8d48988d1f9931735,Travel & Transport > Road
53fca564498e1a175f32528b,Travel & Transport > Taxi Stand
4bf58dd8d48988d130951735,Travel & Transport > Taxi
52f2ab2ebcbc57f1066b8b4d,Travel & Transport > Toll Booth
52f2ab2ebcbc57f1066b8b4e,Travel & Transport > Toll Plaza
4f4530164b9074f6e4fb00ff,Travel & Transport > Tourist Information Center
4bf58dd8d48988d129951735,Travel & Transport > Train Station
4f4531504b9074f6e4fb0102,Travel & Transport > Train Station > Platform
4bf58dd8d48988d12a951735,Travel & Transport > Train Station > Train
52f2ab2ebcbc57f1066b8b51,Travel & Transport > Tram Station
54541b70498ea6ccd0204bff,Travel & Transport > Transportation Service
4f04b25d2fb6e1c99f3db0c0,Travel & Transport > Travel Lounge
52f2ab2ebcbc57f1066b8b4a,Travel & Transport > Tunnel
